CREATE TABLE tactivate (
  activatekey varchar(100) NOT NULL,
  activateuser varchar(100) NOT NULL,
  transtime bigint DEFAULT NULL,
  expiretime bigint DEFAULT NULL,
  senddate date DEFAULT NULL,
  sendtime time DEFAULT NULL,
  expiredate date DEFAULT NULL,
  activatedate date DEFAULT NULL,
  activatetime time DEFAULT NULL,
  activatecount int DEFAULT NULL,
  activatetimes int DEFAULT NULL,
  activatestatus varchar(1) DEFAULT NULL,
  activatecategory varchar(50) DEFAULT NULL,
  activatelink varchar(200) DEFAULT NULL,
  activatepage varchar(200) DEFAULT NULL,
  activateremark varchar(200) DEFAULT NULL,
  activateparameter varchar(200) DEFAULT NULL,
  activatemessage varchar(200) DEFAULT NULL,
  activatecontents varchar(200) DEFAULT NULL,
  PRIMARY KEY (activatekey,activateuser)
);
CREATE TABLE tactivatehistory (
  activatekey varchar(100) NOT NULL,
  activateuser varchar(100) NOT NULL,
  transtime bigint DEFAULT NULL,
  expiretime bigint DEFAULT NULL,
  senddate date DEFAULT NULL,
  sendtime time DEFAULT NULL,
  expiredate date DEFAULT NULL,
  activatedate date DEFAULT NULL,
  activatetime time DEFAULT NULL,
  activatecount int DEFAULT NULL,
  activatetimes int DEFAULT NULL,
  activatestatus varchar(1) DEFAULT NULL,
  activatecategory varchar(50) DEFAULT NULL,
  activatelink varchar(200) DEFAULT NULL,
  activatepage varchar(200) DEFAULT NULL,
  activateremark varchar(200) DEFAULT NULL,
  activateparameter varchar(200) DEFAULT NULL,
  activatemessage varchar(200) DEFAULT NULL,
  activatecontents varchar(200) DEFAULT NULL
);
CREATE TABLE tcaptcha (
  capid varchar(50) NOT NULL,
  captext varchar(50) NOT NULL,
  capanswer varchar(50) NOT NULL,
  createdate date NOT NULL,
  createtime time NOT NULL,
  createmillis bigint NOT NULL DEFAULT '0',
  expiretimes bigint NOT NULL DEFAULT '0',
  expiredate date DEFAULT NULL,
  expiretime time DEFAULT NULL,
  PRIMARY KEY (capid)
);
CREATE TABLE tconfig (
  category varchar(50) NOT NULL,
  colname varchar(50) NOT NULL,
  colvalue varchar(250) DEFAULT NULL,
  colflag varchar(1) DEFAULT NULL,
  seqno int DEFAULT '0',
  remarks text,
  PRIMARY KEY (category,colname)
);
INSERT INTO tconfig (category, colname, colvalue, colflag, seqno, remarks) VALUES
	('2FA', 'FACTORISSUER', 'AssureSystem', NULL, 0, NULL),
	('2FA', 'FACTORVERIFY', 'false', NULL, 0, NULL),
	('CONFIGMAIL', 'MAIL_FROM', 'ezprompt@gmail.com', NULL, 0, NULL),
	('CONFIGMAIL', 'MAIL_PASSWORD', 'nzazlorszucrhrbb', NULL, 0, NULL),
	('CONFIGMAIL', 'MAIL_PORT', '465', NULL, 0, NULL),
	('CONFIGMAIL', 'MAIL_SERVER', 'smtp.gmail.com', NULL, 0, NULL),
	('CONFIGMAIL', 'MAIL_TITLE', 'System Management', NULL, 0, NULL),
	('CONFIGMAIL', 'MAIL_TO', 'tassan_oro@freewillsolutions.com', NULL, 0, NULL),
	('CONFIGMAIL', 'MAIL_USER', 'ezprompt', NULL, 0, NULL),
	('CONFIGURATION', 'ACTIVATE_URL', 'http://localhost:8080/control', NULL, 0, NULL),
	('CONFIGURATION', 'APPROVE_URL', 'http://localhost:8080/control', NULL, 0, NULL),
	('ENVIRONMENT', 'EXPIRE_TIMES', '2880000', NULL, 0, 'values in milliseconds'),
	('FORGOTPASSWORDMAIL', 'MAIL_FROM', 'ezprompt@gmail.com', NULL, 0, NULL),
	('FORGOTPASSWORDMAIL', 'MAIL_PASSWORD', 'nzazlorszucrhrbb', NULL, 0, NULL),
	('FORGOTPASSWORDMAIL', 'MAIL_SERVER', 'smtp.gmail.com', NULL, 0, NULL),
	('FORGOTPASSWORDMAIL', 'MAIL_TITLE', 'System Management', NULL, 0, NULL),
	('FORGOTPASSWORDMAIL', 'MAIL_USER', 'ezprompt', NULL, 0, NULL);
CREATE TABLE tconstant (
  typename varchar(50) NOT NULL,
  typeid varchar(50) NOT NULL,
  nameen varchar(100) NOT NULL,
  nameth varchar(100) NOT NULL,
  seqno int DEFAULT NULL,
  iconfile varchar(100) DEFAULT NULL,
  PRIMARY KEY (typename,typeid)
);
INSERT INTO tconstant (typename, typeid, nameen, nameth, seqno, iconfile) VALUES
	('tactive', '0', 'Active', 'ใช้งาน', 1, NULL),
	('tactive', '1', 'Inactive', 'ไม่ใช้งาน', 2, NULL),
	('tappstype', 'M', 'Mobile', 'Mobile', 2, NULL),
	('tappstype', 'W', 'Web', 'Web', 1, NULL),
	('tbranchtype', 'HB', 'Head Branch', 'สำนักงานใหญ่', 1, NULL),
	('tbranchtype', 'SB', 'Sub Branch', 'สำนักงานสาขาย่อย', 2, NULL),
	('tbranchtype', 'VB', 'Service Branch', 'สำนักงานบริการ', 3, NULL),
	('tdomainappstype', 'S', 'Single Page Application', 'Single Page Application', 2, NULL),
	('tdomainappstype', 'W', 'WEB', 'WEB', 1, NULL),
	('tdomaintype', 'B', 'B2C', 'B2C', 2, NULL),
	('tdomaintype', 'D', 'Directory', 'Directory', 1, NULL),
	('tdomaintype', 'S', 'SAML', 'SAML', 3, NULL),
	('texpire', '0', 'Expired', 'หมดอายุ', 1, NULL),
	('texpire', '1', 'Never Expired', 'ไม่หมดอายุ', 2, NULL),
	('tgroupmobile', 'DASHBOARD', 'Dash Board', 'Dash Board', 1, 'dashboard.png'),
	('tgroupmobile', 'HISTORY', 'History', 'History', 2, 'history.png'),
	('tgroupmobile', 'REPORT', 'Report', 'Report', 3, 'report.png'),
	('tgroupmobile', 'WORKLIST', 'Work List', 'Work List', 4, 'worklist.png'),
	('tlanguage', 'EN', 'English', 'อังกฤษ', 1, 'EN.png'),
	('tlanguage', 'TH', 'Thai', 'ไทย', 2, 'TH.png'),
	('tpermit', 'all', 'Alls', 'ทั้งหมด', 7, NULL),
	('tpermit', 'delete', 'Delete', 'ลบ', 3, NULL),
	('tpermit', 'export', 'Export', 'นำออก', 6, NULL),
	('tpermit', 'import', 'Import', 'นำเข้า', 5, NULL),
	('tpermit', 'insert', 'Insert', 'เพิ่ม', 1, NULL),
	('tpermit', 'print', 'Print', 'พิมพ์', 8, NULL),
	('tpermit', 'retrieve', 'Retrieve', 'ค้นหา', 4, NULL),
	('tpermit', 'update', 'Update', 'แก้ไข', 2, NULL),
	('tprogsystem', 'A', 'Admin', 'Admin', 1, NULL),
	('tprogsystem', 'F', 'Reference', 'Reference', 2, NULL),
	('tprogtype', 'C', 'Script', 'สคริปส์', 11, NULL),
	('tprogtype', 'E', 'Entry', 'กรอกข้อมูล', 1, NULL),
	('tprogtype', 'F', 'Reference', 'ข้อมูลหลัก', 2, NULL),
	('tprogtype', 'G', 'Generate', 'สร้างหน้าจอ', 13, NULL),
	('tprogtype', 'I', 'Plugin', 'ปลั๊กอิน', 3, NULL),
	('tprogtype', 'M', 'Import', 'นำเข้าข้อมูล', 5, NULL),
	('tprogtype', 'N', 'Internal', 'ใช้ภายใน', 4, NULL),
	('tprogtype', 'O', 'Store Procedure', 'โปรซีเดอร์', 12, NULL),
	('tprogtype', 'P', 'Post', 'โพส', 7, NULL),
	('tprogtype', 'Q', 'Enquiry', 'ค้นหาข้อมูล', 8, NULL),
	('tprogtype', 'R', 'Report', 'รายงาน', 9, NULL),
	('tprogtype', 'U', 'Utility', 'เครื่องมือ', 10, NULL),
	('tprogtype', 'X', 'Export', 'นำออกข้อมูล', 6, NULL),
	('trxstatus', 'C', 'Completed', 'Completed', 1, NULL),
	('trxstatus', 'E', 'Error', 'Error', 3, NULL),
	('trxstatus', 'N', 'Not Complete', 'Not Complete', 2, NULL),
	('trxstatus', 'R', 'Response', 'Response', 4, NULL),
	('tsystemtype', 'A', 'Android', 'Android', 1, NULL),
	('tsystemtype', 'I', 'iOS', 'iOS', 2, NULL),
	('tsystemtype', 'W', 'Web', 'Web', 3, NULL),
	('tuserstatus', 'A', 'Activated', 'ใช้งาน', 1, NULL),
	('tuserstatus', 'C', 'Closed', 'ปิดการใช้งาน', 2, NULL),
	('tuserstatus', 'P', 'Pending', 'ระงับการใช้งาน', 3, NULL),
	('tusertype', 'A', 'Admin', 'เจ้าหน้าที่บริหาร', 30, NULL),
	('tusertype', 'C', 'Super Coach', 'เจ้าหน้าที่ระดับสูง', 50, NULL),
	('tusertype', 'D', 'Director', 'ผู้อำนวยการ', 70, NULL),
	('tusertype', 'E', 'Employee', 'พนักงาน', 10, NULL),
	('tusertype', 'M', 'Manager', 'ผู้จัดการ', 40, NULL),
	('tusertype', 'O', 'Operator', 'เจ้าหน้าที่ปฏิบัติการ', 15, NULL),
	('tusertype', 'P', 'President', 'ประธาน', 90, NULL),
	('tusertype', 'Q', 'Quality Assure', 'ผู้ตรวจสอบ', 25, NULL),
	('tusertype', 'S', 'Supervisor', 'ผู้ควบคุมดูแล', 20, NULL),
	('tusertype', 'T', 'Assistance Manager', 'ผู้ช่วยผู้จัดการ', 35, NULL),
	('tusertype', 'V', 'Vice President', 'รองประธาน', 80, NULL),
	('tusertype', 'X', 'Executive', 'ผู้บริหาร', 60, NULL),
	('tusertype', 'Z', 'Client', 'ลูกค้า', 5, NULL),
	('tvisible', '0', 'Visible', 'มองเห็น', 1, NULL),
	('tvisible', '1', 'Invisible', 'มองไม่เห็น', 2, NULL);
CREATE TABLE tcpwd (
  userid varchar(60) NOT NULL,
  category varchar(50) NOT NULL,
  contents varchar(150) NOT NULL,
  PRIMARY KEY (userid,category)
);
CREATE TABLE tdirectory (
  domainid varchar(50) NOT NULL,
  domainname varchar(50) NOT NULL,
  description varchar(100) NOT NULL,
  applicationid varchar(50) NOT NULL,
  tenanturl varchar(200) NOT NULL,
  basedn varchar(200) DEFAULT NULL,
  secretkey varchar(50) DEFAULT NULL,
  systemtype varchar(1) NOT NULL DEFAULT 'W',
  appstype varchar(1) NOT NULL DEFAULT 'W',
  domaintype varchar(1) NOT NULL DEFAULT 'S',
  domainurl varchar(200) DEFAULT NULL,
  inactive varchar(1) NOT NULL DEFAULT '0',
  invisible varchar(1) NOT NULL DEFAULT '0',
  editdate date DEFAULT NULL,
  edittime time DEFAULT NULL,
  edituser varchar(50) DEFAULT NULL,
  PRIMARY KEY (domainid)
);
CREATE INDEX domainname ON tdirectory (domainname);
CREATE INDEX applicationid ON tdirectory (applicationid);
CREATE TABLE tfavor (
  userid varchar(60) NOT NULL,
  programid varchar(20) NOT NULL,
  seqno int NOT NULL DEFAULT '0',
  PRIMARY KEY (userid,programid,seqno)
);
CREATE TABLE tgroup (
  groupname varchar(50) NOT NULL DEFAULT '',
  supergroup varchar(50) DEFAULT '',
  nameen varchar(100) DEFAULT NULL,
  nameth varchar(100) DEFAULT NULL,
  seqno int DEFAULT '0',
  iconstyle varchar(50) DEFAULT NULL,
  privateflag varchar(1) DEFAULT '0',
  usertype varchar(1) DEFAULT NULL,
  mobilegroup varchar(50) DEFAULT NULL,
  xmltext text,
  menutext text,
  editdate date DEFAULT NULL,
  edittime time DEFAULT NULL,
  edituser varchar(50) DEFAULT NULL,
  PRIMARY KEY (groupname)
);
INSERT INTO tgroup (groupname, supergroup, nameen, nameth, seqno, iconstyle, privateflag, usertype, mobilegroup, xmltext, menutext, editdate, edittime, edituser) VALUES
	('ADMIN', 'MD', 'Administrator', 'ผู้ดูแลระบบ', 1, 'fa fa-globe', '0', 'A', NULL, NULL, NULL, NULL, NULL, NULL),
	('CENTER', 'MD', 'Center Administrator', 'ผู้บริหารระบบส่วนกลาง', 5, 'fa fa-tasks', '1', 'A', NULL, NULL, NULL, NULL, NULL, NULL),
	('DIRECTOR', NULL, 'Director', 'ผู้อำนวยการ', 7, NULL, '0', 'D', NULL, NULL, NULL, NULL, NULL, NULL),
	('EMPLOYEE', NULL, 'Employee', 'พนักงาน', 8, NULL, '0', 'E', NULL, NULL, NULL, NULL, NULL, NULL),
	('EXECUTIVE', NULL, 'Executive', 'ผู้บริหาร', 9, NULL, '0', 'X', NULL, NULL, NULL, NULL, NULL, NULL),
	('MANAGER', NULL, 'Manager', 'ผู้จัดการ', 10, NULL, '0', 'M', NULL, NULL, NULL, NULL, NULL, NULL),
	('MENU', '', 'Menu', 'เมนู', 14, 'fa fa-tasks', '0', 'O', NULL, NULL, NULL, NULL, NULL, NULL),
	('OPERATOR', 'ADMIN', 'Operator', 'เจ้าหน้าที่ปฏิบัติการ', 11, 'fa fa-cogs', '0', 'O', NULL, NULL, NULL, NULL, NULL, NULL),
	('QA', '', 'QA', 'ผู้ตรวจสอบ', 14, NULL, '0', 'O', NULL, NULL, NULL, NULL, NULL, NULL),
	('SETTING', '', 'Setting', 'ตั้งค่า', 15, 'fa fa-cogs', '0', 'O', NULL, NULL, NULL, NULL, NULL, NULL),
	('SUPERVISOR', NULL, 'Supervisor', 'ผู้ควบคุม', 12, NULL, '0', 'S', NULL, NULL, NULL, NULL, NULL, NULL),
	('TESTER', 'ADMIN', 'Tester', 'ผู้ทดสอบ', 13, 'fa fa-desktop', '0', 'O', NULL, NULL, NULL, NULL, NULL, NULL);
CREATE TABLE tnpwd (
  reservenum varchar(50) NOT NULL,
  remarks varchar(150) DEFAULT NULL,
  PRIMARY KEY (reservenum)
);
INSERT INTO tnpwd (reservenum, remarks) VALUES
	('060', 'TrueMove, TrueMoveH'),
	('061', 'AIS, DTAC, TrueMoveH'),
	('062', 'AIS, DTAC'),
	('068', 'TOT'),
	('0800', 'AIS'),
	('0801', 'AIS'),
	('0802', 'AIS'),
	('0803', 'TrueMove'),
	('0804', 'DTAC'),
	('0805', 'DTAC'),
	('0810', 'AIS'),
	('0811', 'AIS'),
	('0812', 'AIS'),
	('0813', 'DTAC'),
	('0814', 'DTAC'),
	('0815', 'DTAC'),
	('0816', 'DTAC'),
	('0817', 'AIS'),
	('0818', 'AIS'),
	('0819', 'AIS'),
	('082', 'AIS'),
	('083', 'TrueMove'),
	('084', 'AIS'),
	('085', 'DTAC'),
	('086', 'TrueMove'),
	('0871', 'AIS'),
	('0872', NULL),
	('0873', 'DTAC'),
	('0874', 'DTAC'),
	('0875', 'DTAC'),
	('0876', NULL),
	('088', 'my by CAT'),
	('089', 'AIS, DTAC'),
	('090', 'AIS, TrueMoveH'),
	('091', 'AIS, DTAC, TrueMoveH, TOT'),
	('092', 'AIS, DTAC'),
	('093', 'AIS, TrueMoveH'),
	('094', 'DTAC, TrueMoveH'),
	('095', 'AIS, DTAC, TrueMoveH'),
	('096', 'TrueMoveH'),
	('097', 'AIS, TrueMoveH'),
	('098', 'AIS'),
	('099', 'AIS, TrueMoveH');
CREATE TABLE tpasskey (
  keyid varchar(50) NOT NULL,
  keypass varchar(350) NOT NULL,
  site varchar(50) NOT NULL,
  userid varchar(50) NOT NULL,
  keyname varchar(100) DEFAULT NULL,
  createdate date NOT NULL,
  createtime time NOT NULL,
  createmillis bigint NOT NULL DEFAULT '0',
  createuser varchar(50) DEFAULT NULL,
  expireflag varchar(1) DEFAULT '0',
  expireday int DEFAULT '0',
  expiredate date DEFAULT NULL,
  expiretime time DEFAULT NULL,
  expiretimes bigint DEFAULT '0',
  editdate date DEFAULT NULL,
  edittime time DEFAULT NULL,
  edituser varchar(50) DEFAULT NULL,
  PRIMARY KEY (keyid),
  CONSTRAINT passkey UNIQUE (keypass)
);
CREATE INDEX site_userid ON tpasskey (site,userid);
CREATE TABLE tppwd (
  userid varchar(60) NOT NULL DEFAULT '',
  checkreservepwd varchar(1) DEFAULT '0',
  checkpersonal varchar(1) DEFAULT '0',
  checkmatchpattern varchar(1) DEFAULT '0',
  checkmatchnumber varchar(1) DEFAULT '0',
  timenotusedoldpwd smallint DEFAULT '0',
  alertbeforeexpire smallint DEFAULT '0',
  pwdexpireday smallint DEFAULT '0',
  notloginafterday smallint DEFAULT '0',
  notchgpwduntilday smallint DEFAULT '0',
  minpwdlength smallint DEFAULT '0',
  alphainpwd smallint DEFAULT '0',
  otherinpwd smallint DEFAULT '0',
  maxsamechar smallint DEFAULT '0',
  mindiffchar smallint DEFAULT '0',
  maxarrangechar smallint DEFAULT '0',
  loginfailtime int DEFAULT NULL,
  fromip varchar(15) DEFAULT NULL,
  toip varchar(15) DEFAULT NULL,
  starttime time DEFAULT NULL,
  endtime time DEFAULT NULL,
  groupflag varchar(50) DEFAULT NULL,
  maxloginfailtime smallint DEFAULT NULL,
  checkdictpwd smallint DEFAULT NULL,
  maxpwdlength smallint DEFAULT NULL,
  digitinpwd smallint DEFAULT NULL,
  upperinpwd smallint DEFAULT NULL,
  lowerinpwd smallint DEFAULT NULL,
  PRIMARY KEY (userid)
);
INSERT INTO tppwd (userid, checkreservepwd, checkpersonal, checkmatchpattern, checkmatchnumber, timenotusedoldpwd, alertbeforeexpire, pwdexpireday, notloginafterday, notchgpwduntilday, minpwdlength, alphainpwd, otherinpwd, maxsamechar, mindiffchar, maxarrangechar, loginfailtime, fromip, toip, starttime, endtime, groupflag, maxloginfailtime, checkdictpwd, maxpwdlength, digitinpwd, upperinpwd, lowerinpwd) VALUES
	('DEFAULT', '1', '1', '0', '1', 0, 0, 120, 0, 7, 8, 0, 1, 0, 0, 0, 0, NULL, NULL, NULL, NULL, '1', 0, 0, 0, 1, 1, 1);
CREATE TABLE tprod (
  product varchar(50) NOT NULL DEFAULT '',
  nameen varchar(100) NOT NULL,
  nameth varchar(100) NOT NULL,
  seqno int DEFAULT '0',
  serialid varchar(100) DEFAULT NULL,
  startdate date DEFAULT NULL,
  url varchar(100) DEFAULT NULL,
  capital varchar(1) DEFAULT NULL,
  verified varchar(1) DEFAULT '1',
  centerflag varchar(1) DEFAULT '0',
  iconfile varchar(100) DEFAULT NULL,
  editdate date DEFAULT NULL,
  edittime time DEFAULT NULL,
  edituser varchar(50) DEFAULT NULL,
  PRIMARY KEY (product)
);
INSERT INTO tprod (product, nameen, nameth, seqno, serialid, startdate, url, capital, verified, centerflag, iconfile, editdate, edittime, edituser) VALUES
	('PROMPT', 'Prompt Module', 'Prompt Module', 99, NULL, NULL, NULL, NULL, '0', '1', 'prompt.png', NULL, NULL, NULL);
CREATE TABLE tprog (
  product varchar(30) NOT NULL DEFAULT '',
  programid varchar(20) NOT NULL,
  progname varchar(100) DEFAULT NULL,
  prognameth varchar(100) DEFAULT NULL,
  progtype varchar(2) DEFAULT NULL,
  appstype varchar(2) DEFAULT 'W',
  description varchar(100) DEFAULT NULL,
  parameters varchar(80) DEFAULT NULL,
  progsystem varchar(10) DEFAULT NULL,
  iconfile varchar(50) DEFAULT NULL,
  iconstyle varchar(50) DEFAULT NULL,
  shortname varchar(50) DEFAULT NULL,
  shortnameth varchar(50) DEFAULT NULL,
  progpath varchar(150) DEFAULT NULL,
  editdate date DEFAULT NULL,
  edittime time DEFAULT NULL,
  edituser varchar(50) DEFAULT NULL,
  PRIMARY KEY (programid)
);
INSERT INTO tprog (product, programid, progname, prognameth, progtype, appstype, description, parameters, progsystem, iconfile, iconstyle, shortname, shortnameth, progpath, editdate, edittime, edituser) VALUES
	('PROMPT', 'emte001', 'Task Setting', 'Task Setting', 'F', 'W', 'Task Setting', NULL, 'F', '', NULL, 'Task', 'Task', NULL, NULL, NULL, NULL),
	('PROMPT', 'sfte012', 'Configure Setting', 'Configure Setting', 'F', 'W', 'Configure Setting', NULL, 'F', 'sfte012.png', NULL, 'Configure', 'Configure', NULL, NULL, NULL, NULL),
	('PROMPT', 'sftq001', 'Tracking', 'Tracking', 'F', 'W', 'Tracking', NULL, 'F', 'sftq001.png', NULL, 'Tracking', 'Tracking', NULL, NULL, NULL, NULL),
	('PROMPT', 'sftu004', 'Access Token', 'Access Token', 'F', 'W', 'Access Token', NULL, 'F', 'sftu004.png', NULL, 'Token', 'Token', NULL, NULL, NULL, NULL);
CREATE TABLE tproggrp (
  groupname varchar(50) NOT NULL,
  programid varchar(20) NOT NULL,
  parameters varchar(100) DEFAULT NULL,
  seqno int DEFAULT '0',
  PRIMARY KEY (groupname,programid)
);
INSERT INTO tproggrp (groupname, programid, parameters, seqno) VALUES
	('ADMIN', 'sfte012', NULL, 1),
	('ADMIN', 'sftq001', NULL, 2),
	('SETTING', 'emte001', NULL, 2),
	('SETTING', 'sftu004', NULL, 1);
CREATE TABLE trpwd (
  reservepwd varchar(50) NOT NULL DEFAULT '',
  PRIMARY KEY (reservepwd)
);
INSERT INTO trpwd (reservepwd) VALUES
	('P@ssw0rd'),
	('P@ssw1rd'),
	('P@ssw2rd'),
	('P@ssw3rd'),
	('P@ssw4rd'),
	('P@ssw5rd'),
	('P@ssw6rd'),
	('P@ssw7rd'),
	('P@ssw8rd'),
	('P@ssw9rd'),
	('P@ssword'),
	('Password'),
	('Password0'),
	('Password1'),
	('Password2'),
	('Password3'),
	('Password4'),
	('Password5'),
	('Password6'),
	('Password7'),
	('Password8'),
	('Password9'),
	('Qaz123wsx'),
	('Qaz12wsx'),
	('Qwerty123');
CREATE TABLE trxlog (
  keyid varchar(50) NOT NULL,
  curtime bigint DEFAULT NULL,
  trxtime bigint DEFAULT NULL,
  editdate date DEFAULT NULL,
  edittime time DEFAULT NULL,
  transtime datetime DEFAULT NULL,
  caller varchar(100) DEFAULT NULL,
  sender varchar(100) DEFAULT NULL,
  owner varchar(200) DEFAULT NULL,
  processtype varchar(15) DEFAULT NULL,
  trxstatus char(1) DEFAULT NULL,
  attachs varchar(250) DEFAULT NULL,
  refer varchar(50) DEFAULT NULL,
  note varchar(250) DEFAULT NULL,
  package varchar(50) DEFAULT NULL,
  action varchar(50) DEFAULT NULL,
  quotable varchar(150) DEFAULT NULL,
  grouper varchar(50) DEFAULT NULL,
  remark text,
  contents text,
  PRIMARY KEY (keyid)
);
CREATE TABLE trxres (
  keyid varchar(50) NOT NULL,
  curtime bigint DEFAULT NULL,
  trxtime bigint DEFAULT NULL,
  editdate date DEFAULT NULL,
  edittime time DEFAULT NULL,
  transtime datetime DEFAULT NULL,
  caller varchar(100) DEFAULT NULL,
  sender varchar(100) DEFAULT NULL,
  owner varchar(100) DEFAULT NULL,
  processtype varchar(15) DEFAULT NULL,
  trxstatus char(1) DEFAULT NULL,
  remark varchar(250) DEFAULT NULL,
  attachs varchar(250) DEFAULT NULL,
  refer varchar(50) DEFAULT NULL,
  note varchar(250) DEFAULT NULL,
  package varchar(50) DEFAULT NULL,
  action varchar(50) DEFAULT NULL,
  quotable varchar(50) DEFAULT NULL,
  grouper varchar(50) DEFAULT NULL,
  contents varchar(200) DEFAULT NULL
);
CREATE TABLE ttemplate (
  template varchar(50) NOT NULL,
  templatetype varchar(50) NOT NULL,
  subjecttitle varchar(100) DEFAULT NULL,
  contents text NOT NULL,
  contexts text,
  editdate date DEFAULT NULL,
  edittime time DEFAULT NULL,
  edituser varchar(50) DEFAULT NULL,
  PRIMARY KEY (template,templatetype)
);
INSERT INTO ttemplate (template, templatetype, subjecttitle, contents, contexts, editdate, edittime, edituser) VALUES
	('USER_FORGOT', 'MAIL_NOTIFY', 'Confirm Password Changed', 'Dear, ${userfullname}.<br/>\r\nConfirm your password was changed.<br/>\r\nuser = ${username}<br>\r\npassword = ${userpassword}<br>\r\nyours sincerely,<br>		\r\nAdministrator<br/>', 'Dear, ${userfullname}.<br/>\r\nConfirm your password was changed.<br/>\r\nuser = ${username}<br>\r\npassword = ${userpassword}<br>\r\nyours sincerely,<br>		\r\nAdministrator<br/>', NULL, NULL, NULL),
	('USER_INFO', 'MAIL_NOTIFY', 'Confirm New Account', '<p>Dear, ${userfullname}.<br />New account was created for access system.<br />To confirm, please kindly use information below.<br />user = ${username}<br />password = ${userpassword}<br />yours sincerely,<br />Administrator</p>', '<p>Dear, ${userfullname}.<br />New account was created for access system.<br />To confirm, please kindly use information below.<br />user = ${username}<br />password = ${userpassword}<br />yours sincerely,<br />Administrator</p>', '2023-10-26', '10:41:22', 'tso');
CREATE TABLE ttemplatetag (
  tagname varchar(50) NOT NULL,
  tagtitle varchar(50) NOT NULL,
  seqno int NOT NULL DEFAULT '0',
  PRIMARY KEY (tagname)
);
INSERT INTO ttemplatetag (tagname, tagtitle, seqno) VALUES
	('${datacontents}', 'Data Info', 0),
	('${datetime}', 'Date Time', 0),
	('${description}', 'Description', 0),
	('${enddate}', 'End Date', 0),
	('${errorcontents}', 'Error Info', 0),
	('${startdate}', 'Start Date', 0),
	('${tablecontents}', 'Table Contents', 0),
	('${textcontents}', 'Post Information', 0),
	('${userfullname}', 'User Full Name', 0),
	('${username}', 'User ID', 0),
	('${userpassword}', 'User Password', 0);
CREATE TABLE tupwd (
  serverdatetime datetime DEFAULT NULL,
  systemdate date NOT NULL DEFAULT '0000-00-00',
  userid varchar(50) NOT NULL DEFAULT '',
  userpassword varchar(200) NOT NULL DEFAULT '',
  edituserid varchar(50) NOT NULL DEFAULT ''
);
CREATE TABLE tuser (
  userid varchar(50) NOT NULL,
  username varchar(50) NOT NULL,
  site varchar(50) NOT NULL,
  startdate date DEFAULT NULL,
  enddate date DEFAULT NULL,
  status varchar(1) DEFAULT 'A',
  userpassword varchar(100) DEFAULT NULL,
  passwordexpiredate date DEFAULT NULL,
  passwordchangedate date DEFAULT NULL,
  passwordchangetime time DEFAULT NULL,
  showphoto varchar(1) DEFAULT NULL,
  adminflag varchar(1) DEFAULT '0',
  groupflag varchar(1) DEFAULT '0',
  theme varchar(20) DEFAULT NULL,
  firstpage varchar(100) DEFAULT NULL,
  loginfailtimes tinyint DEFAULT '0',
  failtime bigint DEFAULT NULL,
  lockflag varchar(1) DEFAULT '0',
  usertype varchar(1) DEFAULT NULL,
  iconfile varchar(100) DEFAULT NULL,
  accessdate date DEFAULT NULL,
  accesstime time DEFAULT NULL,
  accesshits bigint DEFAULT '0',
  siteflag varchar(1) DEFAULT '0',
  branchflag varchar(1) DEFAULT '0',
  approveflag varchar(1) DEFAULT '0',
  changeflag varchar(1) DEFAULT '0',
  newflag varchar(1) DEFAULT '0',
  activeflag varchar(1) DEFAULT '0',
  mistakens tinyint DEFAULT '0',
  mistakentime bigint DEFAULT NULL,
  editdate date DEFAULT NULL,
  edittime time DEFAULT NULL,
  edituser varchar(50) DEFAULT NULL,
  PRIMARY KEY (userid),
  CONSTRAINT username UNIQUE (username)
);
INSERT INTO tuser (userid, username, site, startdate, enddate, status, userpassword, passwordexpiredate, passwordchangedate, passwordchangetime, showphoto, adminflag, groupflag, theme, firstpage, loginfailtimes, failtime, lockflag, usertype, iconfile, accessdate, accesstime, accesshits, siteflag, branchflag, approveflag, changeflag, newflag, activeflag, mistakens, mistakentime, editdate, edittime, edituser) VALUES
	('adminis', 'admin@freewill.com', 'FWS', NULL, NULL, 'A', '$2a$10$MhzJQISuqFZSES0k00LPx.iMWUMGgp4P4oR5xlAYdzc2ydaVQgMnG', NULL, NULL, NULL, NULL, '1', '0', NULL, NULL, 0, 0, '0', 'A', NULL, '2025-02-27', '20:24:16', 466, '0', '0', '0', '0', '0', '0', 0, 0, '2021-05-16', '10:27:01', 'tso'),
	('centre', 'center@freewill.com', 'FWS', NULL, NULL, 'A', '$2a$10$fCARfKVL/xYrnJC6QS7c/O.u1WEKq.xS.qmlRV4sZo6PA1sJPW78C', NULL, NULL, NULL, NULL, '1', '0', NULL, NULL, 0, 0, '0', 'A', NULL, '2021-05-25', '10:45:29', 46, '1', '1', '0', '0', '0', '0', 0, 0, NULL, NULL, NULL),
	('test1', 'test1@test.com', 'FWS', NULL, NULL, 'A', '$2a$10$g/5giEKKwQKm.9UNmL6CCOtSqN64tFi04QzCS/D.ECog88PsTAVC.', NULL, NULL, NULL, NULL, '0', '0', NULL, NULL, 0, 0, '0', 'E', NULL, '2023-09-27', '16:18:12', 46, '0', '0', '0', '0', '0', '0', 0, 0, NULL, NULL, NULL),
	('test2', 'test2@test.com', 'FWS', NULL, NULL, 'A', '$2a$10$g/5giEKKwQKm.9UNmL6CCOtSqN64tFi04QzCS/D.ECog88PsTAVC.', NULL, NULL, NULL, NULL, '0', '0', NULL, NULL, 0, NULL, '0', 'E', NULL, NULL, NULL, 0, '0', '0', '0', '0', '0', '0', 0, NULL, NULL, NULL, NULL),
	('test3', 'test3@test.com', 'FWS', NULL, NULL, 'A', '$2a$10$g/5giEKKwQKm.9UNmL6CCOtSqN64tFi04QzCS/D.ECog88PsTAVC.', NULL, NULL, NULL, NULL, '0', '0', NULL, NULL, 0, NULL, '0', 'E', NULL, NULL, NULL, 0, '0', '0', '0', '0', '0', '0', 0, NULL, NULL, NULL, NULL),
	('test4', 'test4@test.com', 'FWS', NULL, NULL, 'A', '$2a$10$g/5giEKKwQKm.9UNmL6CCOtSqN64tFi04QzCS/D.ECog88PsTAVC.', NULL, NULL, NULL, NULL, '0', '0', NULL, NULL, 0, NULL, '0', 'E', NULL, NULL, NULL, 0, '0', '0', '0', '0', '0', '0', 0, NULL, NULL, NULL, NULL),
	('test5', 'test5@test.com', 'FWS', NULL, NULL, 'A', '$2a$10$g/5giEKKwQKm.9UNmL6CCOtSqN64tFi04QzCS/D.ECog88PsTAVC.', NULL, NULL, NULL, NULL, '0', '0', NULL, NULL, 0, NULL, '0', 'E', NULL, NULL, NULL, 0, '0', '0', '0', '0', '0', '0', 0, NULL, NULL, NULL, NULL),
	('test6', 'test6@test.com', 'FWS', NULL, NULL, 'A', '$2a$10$g/5giEKKwQKm.9UNmL6CCOtSqN64tFi04QzCS/D.ECog88PsTAVC.', NULL, NULL, NULL, NULL, '0', '0', NULL, NULL, 0, NULL, '0', 'E', NULL, NULL, NULL, 0, '0', '0', '0', '0', '0', '0', 0, NULL, NULL, NULL, NULL),
	('test7', 'test7@test.com', 'FWS', NULL, NULL, 'A', '$2a$10$g/5giEKKwQKm.9UNmL6CCOtSqN64tFi04QzCS/D.ECog88PsTAVC.', NULL, NULL, NULL, NULL, '0', '0', NULL, NULL, 0, NULL, '0', 'E', NULL, NULL, NULL, 0, '0', '0', '0', '0', '0', '0', 0, NULL, NULL, NULL, NULL),
	('test8', 'test8@test.com', 'FWS', NULL, NULL, 'A', '$2a$10$g/5giEKKwQKm.9UNmL6CCOtSqN64tFi04QzCS/D.ECog88PsTAVC.', NULL, NULL, NULL, NULL, '0', '0', NULL, NULL, 0, NULL, '0', 'E', NULL, NULL, NULL, 0, '0', '0', '0', '0', '0', '0', 0, NULL, NULL, NULL, NULL),
	('test9', 'test9@testing.com', 'FWS', NULL, NULL, 'A', '$2a$10$g/5giEKKwQKm.9UNmL6CCOtSqN64tFi04QzCS/D.ECog88PsTAVC.', NULL, NULL, NULL, NULL, '0', '0', NULL, NULL, 0, NULL, '0', 'O', NULL, NULL, NULL, 0, '0', '1', '0', '0', '0', '0', 0, NULL, '2023-09-14', '16:35:54', 'tso'),
	('tester', 'tester@freewill.com', 'FWS', NULL, NULL, 'A', '$2a$10$lDY.QbMZp./3KLS3uGpu3OHypOk4itewChD2.2jrtsgQmGaJ2BayS', NULL, NULL, NULL, NULL, NULL, '0', NULL, NULL, 0, 0, '0', 'O', NULL, '2024-09-17', '13:47:15', 12, '0', '0', '0', '0', '0', '0', 0, 0, '2021-05-16', '10:26:46', 'tso'),
	('tso', 'tso@freewill.com', 'FWS', NULL, NULL, 'A', '$2a$10$XxaiWYBcRIglzgJ9MF3toO6ZpUh6dv/XDEFlPsPtkpS583Hiuqz/y', '2025-03-11', '2024-11-11', '10:16:03', '1', '1', '0', '', '', 0, 0, '0', 'A', '', '2025-02-27', '20:18:57', 7257, '0', '1', '1', '0', '0', '0', 0, 0, '2023-09-14', '16:57:56', 'tso'),
	('ttso', 'ttso@freewill.com', 'FWS', NULL, NULL, 'A', '$2a$10$XxaiWYBcRIglzgJ9MF3toO6ZpUh6dv/XDEFlPsPtkpS583Hiuqz/y', '2025-07-28', '2022-03-30', '09:21:19', NULL, '0', '0', NULL, NULL, 0, 0, '0', 'E', NULL, '2024-12-04', '12:56:25', 339, '0', '0', '0', '0', '0', '0', 0, 0, NULL, NULL, NULL);
CREATE TABLE tuserbranch (
  site varchar(50) NOT NULL,
  branch varchar(20) NOT NULL,
  userid varchar(50) NOT NULL,
  PRIMARY KEY (site,branch,userid)
);
CREATE TABLE tuserfactor (
  factorid varchar(50) NOT NULL,
  userid varchar(50) NOT NULL,
  factorkey varchar(50) NOT NULL,
  email varchar(100) NOT NULL,
  issuer varchar(100) NOT NULL,
  createdate date NOT NULL,
  createtime time NOT NULL,
  createtranstime bigint NOT NULL,
  factorflag varchar(1) NOT NULL DEFAULT '0',
  factorurl varchar(350) DEFAULT NULL,
  confirmdate date DEFAULT NULL,
  confirmtime time DEFAULT NULL,
  confirmtranstime bigint DEFAULT NULL,
  editdate date DEFAULT NULL,
  edittime time DEFAULT NULL,
  edituser varchar(50) DEFAULT NULL,
  factorremark varchar(350) DEFAULT NULL,
  PRIMARY KEY (factorid),
  CONSTRAINT userid1 UNIQUE (userid)
);
CREATE TABLE tuserfactorhistory (
  factorid varchar(50) NOT NULL,
  userid varchar(50) NOT NULL,
  factorkey varchar(50) NOT NULL,
  email varchar(100) NOT NULL,
  issuer varchar(100) NOT NULL,
  createdate date NOT NULL,
  createtime time NOT NULL,
  createtranstime bigint NOT NULL,
  factorflag varchar(1) NOT NULL DEFAULT '0',
  factorurl varchar(350) DEFAULT NULL,
  confirmdate date DEFAULT NULL,
  confirmtime time DEFAULT NULL,
  confirmtranstime bigint DEFAULT NULL,
  editdate date DEFAULT NULL,
  edittime time DEFAULT NULL,
  edituser varchar(50) DEFAULT NULL,
  factorremark varchar(350) DEFAULT NULL
);
CREATE TABLE tusergrp (
  userid varchar(50) NOT NULL DEFAULT '',
  groupname varchar(50) NOT NULL DEFAULT '',
  rolename varchar(50) DEFAULT NULL,
  PRIMARY KEY (userid,groupname)
);
INSERT INTO tusergrp (userid, groupname, rolename) VALUES
	('adminis', 'ADMIN', NULL),
	('adminis', 'SETTING', NULL),
	('tso', 'ADMIN', NULL),
	('tso', 'SETTING', NULL);
CREATE TABLE tuserinfo (
  site varchar(50) NOT NULL DEFAULT '',
  employeeid varchar(50) NOT NULL DEFAULT '',
  userid varchar(50) DEFAULT NULL,
  userbranch varchar(20) DEFAULT NULL,
  usertname varchar(50) DEFAULT NULL,
  usertsurname varchar(50) DEFAULT NULL,
  userename varchar(50) DEFAULT NULL,
  useresurname varchar(50) DEFAULT NULL,
  displayname varchar(50) DEFAULT NULL,
  accessdate date DEFAULT NULL,
  accesstime time DEFAULT NULL,
  photoimage varchar(100) DEFAULT NULL,
  email varchar(100) DEFAULT NULL,
  gender varchar(1) DEFAULT NULL,
  lineid varchar(50) DEFAULT NULL,
  mobile varchar(50) DEFAULT NULL,
  langcode varchar(10) DEFAULT NULL,
  birthday date DEFAULT NULL,
  inactive varchar(1) DEFAULT '0',
  editdate date DEFAULT NULL,
  edittime time DEFAULT NULL,
  edituser varchar(50) DEFAULT NULL,
  remarks text,
  usercontents text,
  PRIMARY KEY (site,employeeid),
  CONSTRAINT userid2 UNIQUE (userid)
);
CREATE INDEX email ON tuserinfo (email);
INSERT INTO tuserinfo (site, employeeid, userid, userbranch, usertname, usertsurname, userename, useresurname, displayname, accessdate, accesstime, photoimage, email, gender, lineid, mobile, langcode, birthday, inactive, editdate, edittime, edituser, remarks, usercontents) VALUES
	('FWS', 'adminis', 'adminis', '00', 'FWS', 'Administrator', 'FWS', 'Administrator', 'FWS_Adm', '2025-02-27', '20:24:16', 'photo_fwg_fwgadmin.jpg', 'admin@freewillsolutions.com', 'M', NULL, NULL, NULL, NULL, '0', '2021-05-16', '10:27:01', 'tso', 'sfte007', NULL),
	('FWS', 'test1', 'test1', NULL, 'Test1', 'Test', 'Test1', 'Test', 'Test1_Tes', '2023-09-27', '16:18:12', NULL, 'test1@gmail.com', NULL, NULL, NULL, NULL, NULL, '0', NULL, NULL, NULL, NULL, NULL),
	('FWS', 'test2', 'test2', NULL, 'Test2', 'Test', 'Test2', 'Test', 'Test2_Tes', NULL, NULL, NULL, 'test2@gmail.com', NULL, NULL, NULL, NULL, NULL, '0', NULL, NULL, NULL, NULL, NULL),
	('FWS', 'test3', 'test3', NULL, 'Test3', 'Test', 'Test3', 'Test', 'Test3_Tes', NULL, NULL, NULL, 'test3@gmail.com', NULL, NULL, NULL, NULL, NULL, '0', NULL, NULL, NULL, NULL, NULL),
	('FWS', 'test4', 'test4', NULL, 'Test4', 'Test', 'Test4', 'Test', 'Test4_Tes', NULL, NULL, NULL, 'test4@gmail.com', NULL, NULL, NULL, NULL, NULL, '0', NULL, NULL, NULL, NULL, NULL),
	('FWS', 'test5', 'test5', NULL, 'Test5', 'Test', 'Test5', 'Test', 'Test5_Tes', NULL, NULL, NULL, 'test5@gmail.com', NULL, NULL, NULL, NULL, NULL, '0', NULL, NULL, NULL, NULL, NULL),
	('FWS', 'test6', 'test6', NULL, 'Test6', 'Test', 'Test6', 'Test', 'Test6_Tes', NULL, NULL, NULL, 'test6@gmail.com', NULL, NULL, NULL, NULL, NULL, '0', NULL, NULL, NULL, NULL, NULL),
	('FWS', 'test7', 'test7', NULL, 'Test7', 'Test', 'Test7', 'Test', 'Test7_Tes', NULL, NULL, NULL, 'test7@gmail.com', NULL, NULL, NULL, NULL, NULL, '0', NULL, NULL, NULL, NULL, NULL),
	('FWS', 'test8', 'test8', NULL, 'Test8', 'Test', 'Test8', 'Test', 'Test8_Tes', NULL, NULL, NULL, 'test8@gmail.com', NULL, NULL, NULL, NULL, NULL, '0', NULL, NULL, NULL, NULL, NULL),
	('FWS', 'test9', 'test9', NULL, 'Test9', 'Test', 'Test9', 'Test', 'Test9_Tes', NULL, NULL, NULL, 'test9@gmail.com', NULL, NULL, NULL, NULL, NULL, '0', '2023-09-14', '16:35:54', 'tso', 'sfte007', NULL),
	('FWS', 'tester', 'tester', NULL, 'Tester', 'Test', 'Tester', 'Test', 'Tester_Tes', '2024-09-17', '13:47:15', NULL, 'tester@gmail.com', 'M', NULL, NULL, NULL, NULL, '0', '2021-05-16', '10:26:46', 'tso', 'sfte007', NULL),
	('FWS', 'tso', 'tso', '00', 'Tassan', 'Oros', 'Tassan', 'Oros', 'Tassan_oro', '2025-02-27', '20:18:57', 'photo_fwg_tso.png', 'tassun_oro@hotmail.com', 'M', 'tassun_oro', '0955941678', 'EN', NULL, '0', '2024-10-02', '15:15:39', 'tso', 'sfte007', '{"companion":"qby1"}'),
	('FWS', 'ttso', 'ttso', '00', 'Tassun', 'Oros', 'Tassun', 'Oros', 'Tassun_Oro', '2024-12-04', '12:56:25', NULL, 'tassunoros@gmail.com', 'M', NULL, NULL, NULL, NULL, '0', NULL, NULL, NULL, NULL, '{"companion":"tama1"}');
CREATE TABLE tuserinfohistory (
  site varchar(50) NOT NULL DEFAULT '',
  employeeid varchar(50) NOT NULL DEFAULT '',
  userid varchar(50) DEFAULT NULL,
  userbranch varchar(20) DEFAULT NULL,
  usertname varchar(50) DEFAULT NULL,
  usertsurname varchar(50) DEFAULT NULL,
  userename varchar(50) DEFAULT NULL,
  useresurname varchar(50) DEFAULT NULL,
  displayname varchar(50) DEFAULT NULL,
  activeflag varchar(1) DEFAULT '0',
  accessdate date DEFAULT NULL,
  accesstime time DEFAULT NULL,
  photoimage varchar(100) DEFAULT NULL,
  email varchar(100) DEFAULT NULL,
  gender varchar(1) DEFAULT NULL,
  lineid varchar(50) DEFAULT NULL,
  mobile varchar(50) DEFAULT NULL,
  langcode varchar(10) DEFAULT NULL,
  birthday date DEFAULT NULL,
  inactive varchar(1) DEFAULT '0',
  editdate date DEFAULT NULL,
  edittime time DEFAULT NULL,
  edituser varchar(50) DEFAULT NULL,
  remarks varchar(200) DEFAULT NULL,
  usercontents text
);
CREATE TABLE tuserlog (
  seqno bigint NOT NULL DEFAULT '0',
  curtime datetime NOT NULL,
  useralias varchar(50) DEFAULT NULL,
  userid varchar(50) DEFAULT NULL,
  site varchar(50) DEFAULT NULL,
  progid varchar(25) DEFAULT NULL,
  handler varchar(50) DEFAULT NULL,
  action varchar(50) DEFAULT NULL,
  remark text,
  token varchar(350) DEFAULT NULL,
  address varchar(200) DEFAULT NULL,
  paths varchar(500) DEFAULT NULL,
  headers text,
  requests text,
  contents text
);
CREATE TABLE tuserpwd (
  trxid varchar(50) NOT NULL,
  userid varchar(50) NOT NULL,
  userpassword varchar(100) NOT NULL,
  expiredate datetime NOT NULL,
  transtime bigint NOT NULL,
  passwordexpiredate date NOT NULL,
  passwordchangedate date NOT NULL,
  passwordchangetime time NOT NULL,
  expireflag varchar(1) DEFAULT '0',
  confirmdate date DEFAULT NULL,
  confirmtime time DEFAULT NULL,
  editdate date DEFAULT NULL,
  edittime time DEFAULT NULL,
  PRIMARY KEY (trxid)
);
CREATE INDEX userid ON tuserpwd (userid);
CREATE TABLE tuserpwdhistory (
  trxid varchar(50) NOT NULL,
  userid varchar(50) NOT NULL,
  userpassword varchar(100) NOT NULL,
  expiredate datetime NOT NULL,
  transtime bigint NOT NULL,
  passwordexpiredate date NOT NULL,
  passwordchangedate date NOT NULL,
  passwordchangetime time NOT NULL,
  expireflag varchar(1) DEFAULT '0',
  confirmdate date DEFAULT NULL,
  confirmtime time DEFAULT NULL,
  editdate date DEFAULT NULL,
  edittime time DEFAULT NULL,
  hisid varchar(50) DEFAULT NULL,
  hisno bigint DEFAULT NULL,
  hisflag varchar(1) DEFAULT '0'
);
CREATE TABLE tuserrole (
  userid varchar(50) NOT NULL,
  roleid varchar(50) NOT NULL,
  PRIMARY KEY (userid,roleid)
);
CREATE TABLE tusertoken (
  useruuid varchar(50) NOT NULL,
  userid varchar(50) NOT NULL,
  createdate date NOT NULL,
  createtime time NOT NULL,
  createmillis bigint NOT NULL,
  expiredate date NOT NULL,
  expiretime time NOT NULL,
  expiretimes bigint NOT NULL,
  site varchar(50) DEFAULT NULL,
  code varchar(50) DEFAULT NULL,
  state varchar(50) DEFAULT NULL,
  nonce varchar(50) DEFAULT NULL,
  authtoken varchar(350) DEFAULT NULL,
  prime varchar(250) DEFAULT NULL,
  generator varchar(250) DEFAULT NULL,
  privatekey varchar(250) DEFAULT NULL,
  publickey varchar(250) DEFAULT NULL,
  sharedkey varchar(250) DEFAULT NULL,
  otherkey varchar(250) DEFAULT NULL,
  tokentype varchar(50) DEFAULT NULL,
  tokenstatus varchar(50) DEFAULT NULL,
  factorcode varchar(50) DEFAULT NULL,
  outdate date DEFAULT NULL,
  outtime time DEFAULT NULL,
  accesscontents text,
  PRIMARY KEY (useruuid),
  CONSTRAINT authtoken UNIQUE (authtoken)
);
CREATE INDEX nonce ON tusertoken (nonce,code,state);